month,return
2024-01,0.018005
2024-02,-0.031674
2024-03,-0.003855
2024-04,-0.010792
2024-05,0.008213
2024-06,0.039548
