month,return
2024-01,0.053009
2024-02,0.045899
2024-03,0.021995
2024-04,-0.032270
2024-05,0.042754
2024-06,0.047808
