month,return
2020-02,0.000642
2020-03,-0.001918
2020-04,0.054058
2020-05,0.093935
2020-06,0.001262
